{"format": "layers-model", "generatedBy": "keras v2.15.0", "convertedBy": "TensorFlow.js Converter v4.19.0", "modelTopology": {"keras_version": "2.15.0", "backend": "tensorflow", "model_config": {"class_name": "Sequential", "config": {"name": "sequential_1", "layers": [{"class_name": "InputLayer", "config": {"batch_input_shape": [null, 6], "dtype": "float32", "sparse": false, "ragged": false, "name": "lambda_2_input"}}, {"class_name": "Lambda", "config": {"name": "lambda_2", "trainable": true, "dtype": "float32", "batch_input_shape": [null, 6], "function": ["4wEAAAAAAAAAAAAAAAEAAAAEAAAAQwAAAHMOAAAAdABqAXwAZAFkAo0CUwApA07p/////ykB2gRh\neGlzKQLaAnRm2gtleHBhbmRfZGltc6kB2gF4qQByBwAAAPogPGlweXRob24taW5wdXQtMTMzLTEw\nZDc5N2VhNjkyNT7aCDxsYW1iZGE+AwAAAHMCAAAADgA=\n", null, null], "function_type": "lambda", "module": "__main__", "output_shape": null, "output_shape_type": "raw", "output_shape_module": null, "arguments": {}}}, {"class_name": "Bidirectional", "config": {"name": "bidirectional_2", "trainable": true, "dtype": "float32", "layer": {"module": "keras.layers", "class_name": "LSTM", "config": {"name": "lstm_2", "trainable": true, "dtype": "float32", "return_sequences": true, "return_state": false, "go_backwards": false, "stateful": false, "unroll": false, "time_major": false, "units": 32, "activation": "tanh", "recurrent_activation": "sigmoid", "use_bias": true, "kernel_initializer": {"module": "keras.initializers", "class_name": "GlorotUniform", "config": {"seed": null}, "registered_name": null}, "recurrent_initializer": {"module": "keras.initializers", "class_name": "Orthogonal", "config": {"gain": 1.0, "seed": null}, "registered_name": null}, "bias_initializer": {"module": "keras.initializers", "class_name": "Zeros", "config": {}, "registered_name": null}, "unit_forget_bias": true, "kernel_regularizer": null, "recurrent_regularizer": null, "bias_regularizer": null, "activity_regularizer": null, "kernel_constraint": null, "recurrent_constraint": null, "bias_constraint": null, "dropout": 0.0, "recurrent_dropout": 0.0, "implementation": 2}, "registered_name": null}, "merge_mode": "concat"}}, {"class_name": "Bidirectional", "config": {"name": "bidirectional_3", "trainable": true, "dtype": "float32", "layer": {"module": "keras.layers", "class_name": "LSTM", "config": {"name": "lstm_3", "trainable": true, "dtype": "float32", "return_sequences": false, "return_state": false, "go_backwards": false, "stateful": false, "unroll": false, "time_major": false, "units": 32, "activation": "tanh", "recurrent_activation": "sigmoid", "use_bias": true, "kernel_initializer": {"module": "keras.initializers", "class_name": "GlorotUniform", "config": {"seed": null}, "registered_name": null}, "recurrent_initializer": {"module": "keras.initializers", "class_name": "Orthogonal", "config": {"gain": 1.0, "seed": null}, "registered_name": null}, "bias_initializer": {"module": "keras.initializers", "class_name": "Zeros", "config": {}, "registered_name": null}, "unit_forget_bias": true, "kernel_regularizer": null, "recurrent_regularizer": null, "bias_regularizer": null, "activity_regularizer": null, "kernel_constraint": null, "recurrent_constraint": null, "bias_constraint": null, "dropout": 0.0, "recurrent_dropout": 0.0, "implementation": 2}, "registered_name": null}, "merge_mode": "concat"}}, {"class_name": "Dense", "config": {"name": "dense_1", "trainable": true, "dtype": "float32", "units": 1, "activation": "linear", "use_bias": true, "kernel_initializer": {"module": "keras.initializers", "class_name": "GlorotUniform", "config": {"seed": null}, "registered_name": null}, "bias_initializer": {"module": "keras.initializers", "class_name": "Zeros", "config": {}, "registered_name": null}, "kernel_regularizer": null, "bias_regularizer": null, "activity_regularizer": null, "kernel_constraint": null, "bias_constraint": null}}, {"class_name": "Lambda", "config": {"name": "lambda_3", "trainable": true, "dtype": "float32", "function": ["4wEAAAAAAAAAAAAAAAEAAAACAAAAQwAAAHMIAAAAfABkARQAUwApAk5nAAAAAAAAWUCpAKkB2gF4\ncgEAAAByAQAAAPogPGlweXRob24taW5wdXQtMTMzLTEwZDc5N2VhNjkyNT7aCDxsYW1iZGE+BwAA\nAHMCAAAACAA=\n", null, null], "function_type": "lambda", "module": "__main__", "output_shape": null, "output_shape_type": "raw", "output_shape_module": null, "arguments": {}}}]}}, "training_config": {"loss": {"class_name": "Huber", "config": {"reduction": "auto", "name": "huber_loss", "delta": 1.0, "fn": "huber"}}, "metrics": [[{"class_name": "MeanMetricWrapper", "config": {"name": "mae", "dtype": "float32", "fn": "mean_absolute_error"}}]], "weighted_metrics": null, "loss_weights": null, "optimizer_config": {"class_name": "Custom>SGD", "config": {"name": "SGD", "weight_decay": null, "clipnorm": null, "global_clipnorm": null, "clipvalue": null, "use_ema": false, "ema_momentum": 0.99, "ema_overwrite_frequency": null, "jit_compile": true, "is_legacy_optimizer": false, "learning_rate": 0.009999999776482582, "momentum": 0.0, "nesterov": false}}}}, "weightsManifest": [{"paths": ["group1-shard1of1.bin"], "weights": [{"name": "bidirectional_2/forward_lstm_2/lstm_cell/kernel", "shape": [1, 128], "dtype": "float32"}, {"name": "bidirectional_2/forward_lstm_2/lstm_cell/recurrent_kernel", "shape": [32, 128], "dtype": "float32"}, {"name": "bidirectional_2/forward_lstm_2/lstm_cell/bias", "shape": [128], "dtype": "float32"}, {"name": "bidirectional_2/backward_lstm_2/lstm_cell/kernel", "shape": [1, 128], "dtype": "float32"}, {"name": "bidirectional_2/backward_lstm_2/lstm_cell/recurrent_kernel", "shape": [32, 128], "dtype": "float32"}, {"name": "bidirectional_2/backward_lstm_2/lstm_cell/bias", "shape": [128], "dtype": "float32"}, {"name": "bidirectional_3/forward_lstm_3/lstm_cell/kernel", "shape": [64, 128], "dtype": "float32"}, {"name": "bidirectional_3/forward_lstm_3/lstm_cell/recurrent_kernel", "shape": [32, 128], "dtype": "float32"}, {"name": "bidirectional_3/forward_lstm_3/lstm_cell/bias", "shape": [128], "dtype": "float32"}, {"name": "bidirectional_3/backward_lstm_3/lstm_cell/kernel", "shape": [64, 128], "dtype": "float32"}, {"name": "bidirectional_3/backward_lstm_3/lstm_cell/recurrent_kernel", "shape": [32, 128], "dtype": "float32"}, {"name": "bidirectional_3/backward_lstm_3/lstm_cell/bias", "shape": [128], "dtype": "float32"}, {"name": "dense_1/kernel", "shape": [64, 1], "dtype": "float32"}, {"name": "dense_1/bias", "shape": [1], "dtype": "float32"}]}]}